src/africa/southern/south-africa src/africa/southern/south-africa
src/africa/southern/zimbabwe src/africa/southern/zimbabwe
src/america/northern/canada src/america/northern/canada
src/antarctica/central/central-antarctica src/antarctica/central/central-antarctica
src/asia/south-western/turkey src/asia/south-western/turkey
src/europe/north-eastern/lithuania src/europe/north-eastern/lithuania
src/oceania/oceanic/the-federated-states-of-micronesia src/oceania/oceanic/the-federated-states-of-micronesia
src/oceania/western/australia src/oceania/western/australia
